{
"lines":[
        {"bus_j": "R1",  "bus_k": "R2",  "code": "EQU", "m": 35.0 }
        ],
"buses":[
		{"bus": "R1",  "Vbase":0.231, "pos_x": 0, "pos_y":   0, "units": "m"},
		{"bus": "R2",  "Vbase":0.231, "pos_x": 0, "pos_y": -35, "units": "m"}
		],
"v_sources":[
		{"bus": "R1","bus_nodes": [1, 2, 3, 4], "deg": [-30, -150, -270, 0], "kV": [0.23094, 0.23094, 0.23094, 0]}
		],
"loads":[
	    {"bus": "R2" , "kVA": 0.0, "fp": 0.8, "type":"3P+N"}
        ],
"vsc":[  {"s_n_kVA":120.0, "V_dc":687.47, "ctrl_mode":1, "K_v":0.3, "K_ang":0.05, "K_f":0.05, "T_v":0.05, "T_ang":0.5, "K_p":0.02, "K_i":0.5, "nodes_vknown":[0,1,2,3],
"a_i":1.5257e+01, "b_i":-2.7435e-02, "c_i":9.5767e-03, "d_i":7.8929e-03, "e_i":4.0265e-03, "a_d":6.2857e-01, "b_d":1.0374e-01, "c_d":-1.2941e-01, "d_d":3.0008e-03, "e_d":-1.3320e-03, "Rth_sink":1.2900e-01, "Rth_c_igbt":4.0690e-02, "Rth_c_diode":1.9582e-02, "Rth_j_igbt":1.3500e-01, "Rth_j_diode":2.0000e-01, "T_a":2.5000e+01, "Cth_sink":1.1628e+02, "N_switch_sink":6.0000e+00}
	  ],
"line_codes":
		{"OH1":
		{"R": [[ 0.54 ,  0.049,  0.049,  0.049],
			   [ 0.049,  0.54 ,  0.049,  0.049],
			   [ 0.049,  0.049,  0.54 ,  0.049],
			   [ 0.049,  0.049,  0.049,  0.54 ]]}
       },
"secondary":[
	    {"ctrl_mode":0, "K_p_v": 0.0001, "K_i_v": 0.002, "K_p_p": 0.001, "K_i_p": 0.05, "Dt_secondary":1.0, "S_base":200.0e3}
        ],
"perturbations":[
        {"type":"load_new_value", "time":700, "bus":"R2", "kw_abc":[-33,-33,-33], "kvar_abc":[-0,-0,-0] }
        ]
}